id	first_name	last_name	email	Male	ip_address	False
1	Aishwaryaaaaa	Eyer	fuckme.com	Female	0.0.0.0000000	False
2	Nikkie	Klich	nklich1@nasa.gov	Female	hellooooooo	False
3	Sydelle	Garard	***********************	Female	163.253.81.235	False
4	Brena	Ferfulle	bferfulle3@who.int	Female	36.131.104.131	False
5	Billie	Obee	bobee4@yellowbook.com	Male	103.0.201.22	False
6	Dicky	Thorald	dthorald5@godaddy.com	Male	141.185.203.230	False
7	Salim	Sherburn	ssherburn6@linkedin.com	Male	224.143.53.64	False
8	Estel	Banville	ebanville7@cnet.com	Female	176.246.227.222	False
9	Humberto	Hazelgrove	hhazelgrove8@so-net.ne.jp	Male	180.247.101.67	False
10	Dagny	Teeney	dteeney9@live.com	Male	135.129.190.109	False
11	Coralie	Goter	cgotera@youtu.be	Female	197.42.142.198	False
12	Lexi	Cucuzza	lcucuzzab@blogspot.com	Female	18.79.75.40	False
13	Vinnie	McDuffy	vmcduffyc@multiply.com	Female	208.218.198.231	False
14	Caressa	Castles	ccastlesd@desdev.cn	Female	200.60.137.53	False
15	Yetty	Blissett	yblissette@mysql.com	Female	121.46.179.78	False
16	Rosaline	Leggan	rlegganf@pagesperso-orange.fr	Female	78.121.131.81	False
17	Hew	Bonifacio	hbonifaciog@reverbnation.com	Male	12.19.61.186	False
18	Fanechka	Garratty	fgarrattyh@salon.com	Female	114.112.252.3	False
19	Lenci	Hanton	lhantoni@multiply.com	Male	247.139.209.41	False
20	Austin	Stivey	astiveyj@usatoday.com	Male	192.143.220.52	False
21	Alphonso	De Bruijne	adebruijnek@pen.io	Male	145.110.22.125	False
22	Winni	Treadgold	wtreadgoldl@wikia.com	Female	128.9.106.200	False
23	Irene	Steadman	isteadmanm@digg.com	Female	30.196.89.11	False
24	Arne	Percy	apercyn@nasa.gov	Male	18.215.193.141	False
25	Olive	Coleshill	ocoleshillo@unc.edu	Female	158.152.37.232	False
26	Oates	Callow	ocallowp@rambler.ru	Male	107.168.64.129	False
27	Sharl	Westbury	swestburyq@gravatar.com	Female	197.4.37.54	False
28	Judon	Cattermole	jcattermoler@behance.net	Male	115.43.14.156	False
29	Bartram	Shoubridge	bshoubridges@nsw.gov.au	Male	126.167.194.73	False
30	Laurence	Lergan	llergant@blog.com	Male	83.94.87.215	False
31	Raymund	Critten	rcrittenu@51.la	Male	177.170.15.84	False
32	Merrill	Eliet	melietv@msn.com	Male	114.190.76.89	False
33	Miguelita	Dedenham	mdedenhamw@businessinsider.com	Female	77.207.83.194	False
34	Alejoa	O'Cuddie	aocuddiex@chicagotribune.com	Male	212.131.109.169	False
35	Alexandre	Yukhov	ayukhovy@nydailynews.com	Male	143.178.137.18	False
36	Nickie	Duesberry	nduesberryz@alibaba.com	Male	59.16.3.14	False
37	Alphard	Dykes	adykes10@baidu.com	Male	62.234.126.41	False
38	Berti	Emloch	bemloch11@github.io	Female	32.23.148.89	False
39	Lief	Pyer	lpyer12@seattletimes.com	Male	93.39.13.170	False
40	Taylor	Waugh	twaugh13@naver.com	Male	141.202.104.96	False
41	Jeri	Panther	jpanther14@free.fr	Female	250.216.59.249	False
42	Lew	Marryatt	lmarryatt15@toplist.cz	Male	3.215.169.201	False
43	Raye	Renard	rrenard16@cam.ac.uk	Female	33.13.4.209	False
44	Karoly	Dowden	kdowden17@cnet.com	Female	181.242.85.120	False
45	Felicia	Roullier	froullier18@behance.net	Female	200.167.77.107	False
46	Orton	Gooders	ogooders19@tuttocitta.it	Male	58.125.22.119	False
47	Mair	Leger	mleger1a@europa.eu	Female	95.57.174.169	False
48	Laurens	Riding	lriding1b@joomla.org	Male	169.104.229.55	False
49	Celestina	Wadelin	cwadelin1c@uol.com.br	Female	200.45.179.111	False
50	Rowland	Simondson	rsimondson1d@theguardian.com	Male	43.176.45.211	False
51	Bea	Blincoe	bblincoe1e@reddit.com	Female	#########	False
52	Elyn	Josef	ejosef1f@ucoz.ru	Female	0.179.144.7	False
53	Lovell	Vanyashkin	lvanyashkin1g@tumblr.com	Male	30.200.82.86	False
54	Rosabelle	Mc Kellen	rmckellen1h@godaddy.com	Female	180.144.178.69	False
55	Demetra	Geri	dgeri1i@hubpages.com	Female	78.245.186.26	False
56	Kakalina	Ducarne	kducarne1j@constantcontact.com	Female	47.24.14.18	False
57	Julia	Cristofolini	jcristofolini1k@creativecommons.org	Female	178.99.101.33	False
58	Tamas	Lowten	tlowten1l@4shared.com	Male	218.188.235.198	False
59	Gare	Darcy	gdarcy1m@huffingtonpost.com	Male	149.185.236.188	False
60	Lizabeth	Landa	llanda1n@hp.com	Female	212.109.164.168	False
61	Armando	Dedenham	adedenham1o@auda.org.au	Male	199.181.64.14	False
62	Dosi	Binfield	dbinfield1p@sohu.com	Female	102.5.89.95	False
63	Yorgos	Livesey	ylivesey1q@trellian.com	Male	208.231.115.145	False
64	Eadmund	Fairlamb	efairlamb1r@t-online.de	Male	214.42.1.192	False
65	Rhodia	Bradnam	rbradnam1s@slate.com	Female	125.226.42.22	False
66	Michal	Osant	mosant1t@1und1.de	Male	205.109.71.107	False
67	Arleta	Mainson	amainson1u@google.co.uk	Female	55.167.105.218	False
68	Alic	Basterfield	abasterfield1v@google.es	Male	56.137.134.13	False
69	Inessa	Lubman	ilubman1w@edublogs.org	Female	169.125.82.224	False
70	Isobel	Vynall	ivynall1x@vimeo.com	Female	124.82.48.32	False
71	Berget	Dyball	bdyball1y@dailymotion.com	Female	120.238.200.222	False
72	Mose	Reekie	mreekie1z@squidoo.com	Male	147.156.249.169	False
73	Benton	Dorbin	bdorbin20@cnet.com	Male	178.231.54.101	False
74	Bethanne	Danne	bdanne21@army.mil	Female	216.218.203.0	False
75	Donall	Freckleton	dfreckleton22@usnews.com	Male	209.37.235.234	False
76	Tamas	Korneev	tkorneev23@ameblo.jp	Male	121.57.232.25	False
77	Rutter	Bail	rbail24@mozilla.org	Male	177.102.171.102	False
78	Zorine	Feldhorn	zfeldhorn25@uiuc.edu	Female	151.233.200.12	False
79	Elladine	McGrory	emcgrory26@quantcast.com	Female	62.93.50.32	False
80	Gwyn	Alsopp	galsopp27@is.gd	Female	146.211.135.165	False
81	Ethelda	Slucock	eslucock28@wikipedia.org	Female	201.236.188.12	False
82	Cad	Stivani	cstivani29@goodreads.com	Male	142.143.147.195	False
83	Babb	Bohey	bbohey2a@domainmarket.com	Female	28.41.134.164	False
84	Benedick	Carmo	bcarmo2b@yale.edu	Male	149.180.101.65	False
85	Davita	Crawcour	dcrawcour2c@google.cn	Female	188.74.90.160	False
86	Kore	Schwier	kschwier2d@nytimes.com	Female	92.95.27.191	False
87	Gaylor	Coppledike	gcoppledike2e@homestead.com	Male	140.76.80.126	False
88	Locke	Stoney	lstoney2f@yellowpages.com	Male	171.78.223.84	False
89	Joyan	Sellner	jsellner2g@tumblr.com	Female	64.156.242.110	False
90	Kevan	Spark	kspark2h@cdc.gov	Male	59.181.141.57	False
91	Cobb	Polendine	cpolendine2i@smh.com.au	Male	228.63.12.133	False
92	Dory	Bree	dbree2j@qq.com	Female	9.236.178.0	False
93	Lyda	Newick	lnewick2k@msn.com	Female	22.97.177.7	False
94	Erl	Drewery	edrewery2l@phpbb.com	Male	252.188.245.20	False
95	Erda	Roony	eroony2m@trellian.com	Female	131.28.9.106	False
96	Quentin	Luck	qluck2n@list-manage.com	Female	90.26.96.139	False
97	Carlyle	Beade	cbeade2o@furl.net	Male	239.194.214.84	False
98	Moira	Biddlestone	mbiddlestone2p@washington.edu	Female	212.244.71.225	False
99	Janeczka	Larratt	jlarratt2q@123-reg.co.uk	Female	230.50.125.231	False
100	Massimo	Fibben	mfibben2r@merriam-webster.com	Male	23.49.196.4	False
101	Xenos	Brunsdon	xbrunsdon2s@e-recht24.de	Male	190.212.205.15	False
102	Will	Lounds	wlounds2t@ca.gov	Male	78.78.227.135	False
103	Haydon	Strattan	hstrattan2u@exblog.jp	Male	63.186.183.64	False
104	Noble	Lett	nlett2v@ameblo.jp	Male	245.174.224.131	False
105	Kathlin	Kivelhan	kkivelhan2w@comsenz.com	Female	93.172.58.121	False
106	Garry	Meeson	gmeeson2x@vinaora.com	Male	144.119.122.147	False
107	Floria	Vinsen	fvinsen2y@drupal.org	Female	217.240.30.2	False
108	Candie	Keough	ckeough2z@newsvine.com	Female	206.4.217.226	False
109	Randal	McAughtrie	rmcaughtrie30@businessweek.com	Male	124.175.127.109	False
110	Annetta	Suermeiers	asuermeiers31@w3.org	Female	12.243.138.30	False
111	Corabella	Fouch	cfouch32@hubpages.com	Female	49.114.229.68	False
112	Zorana	Paxman	zpaxman33@geocities.jp	Female	96.87.251.187	False
113	Rudolf	Collum	rcollum34@ehow.com	Male	17.50.76.206	False
114	Ruddie	Georgescu	rgeorgescu35@tinypic.com	Male	246.120.18.125	False
115	Kelsey	Tewelson	ktewelson36@archive.org	Female	75.239.104.204	False
116	Wash	Pakeman	wpakeman37@is.gd	Male	42.83.67.229	False
117	Talbert	Curling	tcurling38@youtube.com	Male	87.145.127.99	False
118	Tommie	Walbrook	twalbrook39@cafepress.com	Male	172.114.46.220	False
119	Colly	Challes	cchalles3a@auda.org.au	Female	182.228.237.97	False
120	Patton	McNern	pmcnern3b@yale.edu	Male	162.249.133.227	False
121	Octavia	Zarb	ozarb3c@redcross.org	Female	204.226.56.124	False
122	Pierson	Warricker	pwarricker3d@tinyurl.com	Male	9.240.19.244	False
123	Miles	Gibbe	mgibbe3e@bloomberg.com	Male	28.75.37.3	False
124	Rolf	Barrasse	rbarrasse3f@boston.com	Male	51.152.57.121	False
125	Owen	Davidsen	odavidsen3g@reverbnation.com	Male	215.28.71.35	False
126	Masha	Halm	mhalm3h@clickbank.net	Female	194.110.86.207	False
127	Kara-lynn	Summerill	ksummerill3i@google.pl	Female	48.236.172.157	False
128	Louisa	Sills	lsills3j@home.pl	Female	185.218.111.182	False
129	Rikki	Swallwell	rswallwell3k@tiny.cc	Male	13.84.239.114	False
130	Pattin	Pennings	ppennings3l@xinhuanet.com	Male	217.46.99.11	False
131	Vail	Bentall	vbentall3m@prlog.org	Male	179.127.98.128	False
132	Carver	Finder	cfinder3n@comcast.net	Male	55.130.120.238	False
133	Cathee	Karpenya	ckarpenya3o@craigslist.org	Female	159.235.174.156	False
134	Sheppard	Gibbs	sgibbs3p@oakley.com	Male	152.45.228.84	False
135	Amanda	Dyzart	adyzart3q@studiopress.com	Female	195.214.21.213	False
136	Maddalena	Barabich	mbarabich3r@stanford.edu	Female	244.170.202.76	False
137	Claudelle	Strippling	cstrippling3s@skype.com	Female	41.26.192.37	False
138	Willie	Dearl	wdearl3t@hc360.com	Male	212.250.47.191	False
139	Perla	Boost	pboost3u@berkeley.edu	Female	9.59.209.12	False
140	Dick	Yurocjkin	dyurocjkin3v@amazonaws.com	Male	148.219.43.2	False
141	Barbabra	McArdle	bmcardle3w@nba.com	Female	217.64.174.187	False
142	Grace	Greggor	ggreggor3x@bizjournals.com	Female	25.172.140.163	False
143	Cecelia	Vanyukhin	cvanyukhin3y@blogspot.com	Female	8.182.224.157	False
144	Rebeka	Newborn	rnewborn3z@slate.com	Female	212.169.153.120	False
145	Stanley	Grew	sgrew40@issuu.com	Male	210.251.221.236	False
146	Ailbert	Rustadge	arustadge41@constantcontact.com	Male	245.22.88.198	False
147	Ginni	Batchelour	gbatchelour42@dagondesign.com	Female	242.148.244.89	False
148	Elwyn	Bumpas	ebumpas43@ca.gov	Male	20.34.3.62	False
149	Brew	Wyllt	bwyllt44@tiny.cc	Male	39.222.179.205	False
150	Forest	Bool	fbool45@ft.com	Male	226.252.104.50	False
151	Kele	Melonby	kmelonby46@bigcartel.com	Male	88.220.16.138	False
152	Lindsey	Valens-Smith	lvalenssmith47@infoseek.co.jp	Male	76.198.149.98	False
153	Shandeigh	Paling	spaling48@pbs.org	Female	239.103.243.108	False
154	Candice	Humerstone	chumerstone49@example.com	Female	2.186.216.87	False
155	Trumann	Toon	ttoon4a@statcounter.com	Male	72.133.64.219	False
156	Curtice	Guenther	cguenther4b@godaddy.com	Male	75.190.123.38	False
157	Hayyim	Harrisson	hharrisson4c@umn.edu	Male	53.213.143.40	False
158	Bone	Littell	blittell4d@cnn.com	Male	56.134.153.39	False
159	Charissa	Gaskamp	cgaskamp4e@jiathis.com	Female	91.62.80.60	False
160	Estrella	Dukesbury	edukesbury4f@bloglines.com	Female	100.153.112.12	False
161	Nate	Twatt	ntwatt4g@lycos.com	Male	29.236.171.242	False
162	Belva	Tchaikovsky	btchaikovsky4h@theguardian.com	Female	213.162.91.37	False
163	Zollie	Lennard	zlennard4i@upenn.edu	Male	109.22.124.170	False
164	Winn	Brunel	wbrunel4j@theatlantic.com	Male	185.208.100.240	False
165	Kelcy	MacDiarmond	kmacdiarmond4k@networkadvertising.org	Female	250.208.39.156	False
166	Penrod	Elstow	pelstow4l@jugem.jp	Male	184.0.251.250	False
167	Veda	Munning	vmunning4m@a8.net	Female	80.144.133.87	False
168	Siobhan	Mc Queen	smcqueen4n@telegraph.co.uk	Female	146.215.101.211	False
169	Isabel	Skitterel	iskitterel4o@msn.com	Female	106.238.209.26	False
170	Sheena	Halbert	shalbert4p@ucoz.com	Female	30.23.169.20	False
171	Johann	Gowanlock	jgowanlock4q@hatena.ne.jp	Male	248.181.218.147	False
172	Hastie	Mechic	hmechic4r@uol.com.br	Male	50.241.50.209	False
173	Corabella	Petican	cpetican4s@washingtonpost.com	Female	233.77.252.30	False
174	Annamaria	Fortin	afortin4t@xinhuanet.com	Female	36.39.92.91	False
175	Orbadiah	Johnston	ojohnston4u@telegraph.co.uk	Male	118.202.167.45	False
176	Wandie	Manion	wmanion4v@auda.org.au	Female	6.112.250.107	False
177	Ryan	Thorndycraft	rthorndycraft4w@t-online.de	Male	124.208.157.6	False
178	Grady	Woollons	gwoollons4x@ifeng.com	Male	128.136.59.1	False
179	Orel	Skippen	oskippen4y@ifeng.com	Female	88.239.76.4	False
180	Andrea	Capron	acapron4z@marketwatch.com	Male	73.69.88.112	False
181	Audy	Samuels	asamuels50@ibm.com	Female	222.27.126.86	False
182	Daryl	Lezemore	dlezemore51@mlb.com	Female	12.74.39.217	False
183	Leonie	Whitaker	lwhitaker52@list-manage.com	Female	29.44.124.228	False
184	Terrijo	Greveson	tgreveson53@webs.com	Female	208.215.131.85	False
185	Aland	Smart	asmart54@qq.com	Male	110.105.73.143	False
186	Seumas	Rennicks	srennicks55@ebay.co.uk	Male	47.255.38.236	False
187	Nikolia	Cadany	ncadany56@icio.us	Female	1.54.227.148	False
188	Davidson	Toffel	dtoffel57@slashdot.org	Male	121.51.96.162	False
189	Aguistin	Ollett	aollett58@cyberchimps.com	Male	206.228.131.165	False
190	Noak	Wash	nwash59@gizmodo.com	Male	107.133.41.40	False
191	Frannie	Lant	flant5a@mozilla.org	Female	240.55.144.114	False
192	Johan	Belfit	jbelfit5b@guardian.co.uk	Male	11.92.18.98	False
193	Adler	Scholar	ascholar5c@google.it	Male	47.241.171.244	False
194	Bertie	Grzegorczyk	bgrzegorczyk5d@vkontakte.ru	Male	233.70.128.70	False
195	Randolph	Gillham	rgillham5e@phpbb.com	Male	150.69.31.87	False
196	Arturo	Gegay	agegay5f@npr.org	Male	80.84.50.14	False
197	Wendall	Laidlaw	wlaidlaw5g@scientificamerican.com	Male	20.200.203.1	False
198	Sebastian	Dewberry	sdewberry5h@com.com	Male	67.234.252.178	False
199	Sheri	Betun	sbetun5i@creativecommons.org	Female	83.108.208.214	False
200	Harlin	Copyn	hcopyn5j@amazon.co.uk	Male	62.160.107.113	False
201	Anthiathia	Havis	ahavis5k@yale.edu	Female	189.7.60.234	False
202	Janene	Gooderson	jgooderson5l@fastcompany.com	Female	56.60.197.46	False
203	Donal	Allso	dallso5m@deviantart.com	Male	176.55.213.60	False
204	Jeno	Sant	jsant5n@pcworld.com	Male	119.236.112.155	False
205	Townie	Dunbabin	tdunbabin5o@loc.gov	Male	126.23.73.83	False
206	Vivi	Mayman	vmayman5p@blogspot.com	Female	83.224.144.248	False
207	Ruggiero	Hamley	rhamley5q@livejournal.com	Male	88.194.137.89	False
208	Shurwood	Lavell	slavell5r@multiply.com	Male	191.234.239.56	False
209	Audrye	Figgess	afiggess5s@apache.org	Female	212.74.175.36	False
210	Lorenza	Jaggi	ljaggi5t@ehow.com	Female	224.36.179.165	False
211	Lazaro	Mulberry	lmulberry5u@answers.com	Male	183.131.128.14	False
212	Nerty	Woodhams	nwoodhams5v@google.ca	Female	11.196.82.175	False
213	Job	Franzoli	jfranzoli5w@drupal.org	Male	192.190.31.26	False
214	Bobbie	Lundberg	blundberg5x@google.es	Female	95.12.220.165	False
215	Eleen	Genders	egenders5y@ted.com	Female	213.145.6.97	False
216	Meagan	Paolillo	mpaolillo5z@lulu.com	Female	226.5.58.96	False
217	Alwin	Lydiatt	alydiatt60@comcast.net	Male	238.29.91.126	False
218	Krystyna	Guidotti	kguidotti61@amazon.com	Female	169.23.68.59	False
219	Ebenezer	Cudde	ecudde62@ucoz.com	Male	39.249.254.117	False
220	Micki	Luthwood	mluthwood63@eventbrite.com	Female	197.175.124.166	False
221	Graeme	Slany	gslany64@jiathis.com	Male	41.13.106.227	False
222	Eyde	Rivers	erivers65@psu.edu	Female	152.37.140.147	False
223	Wynnie	Sinncock	wsinncock66@drupal.org	Female	138.227.125.50	False
224	Alwin	Domengue	adomengue67@merriam-webster.com	Male	235.16.117.55	False
225	Flemming	Dallon	fdallon68@reuters.com	Male	135.136.98.179	False
226	Hallsy	Jelk	hjelk69@networkadvertising.org	Male	163.236.217.122	False
227	Feliks	MacCrackan	fmaccrackan6a@icio.us	Male	132.202.244.108	False
228	Niven	Harriot	nharriot6b@mac.com	Male	231.31.231.6	False
229	Burt	Finci	bfinci6c@ezinearticles.com	Male	209.22.208.251	False
230	Angelico	De Mitri	ademitri6d@slashdot.org	Male	21.125.189.46	False
231	Cassey	Lighton	clighton6e@nhs.uk	Female	116.183.50.85	False
232	Marshal	Channing	mchanning6f@paypal.com	Male	96.244.18.141	False
233	Glyn	Ruane	gruane6g@boston.com	Female	223.72.138.23	False
234	Averill	Elderfield	aelderfield6h@plala.or.jp	Male	56.76.147.139	False
235	Bob	Scorton	bscorton6i@sciencedaily.com	Male	137.17.120.156	False
236	Abba	Kiloh	akiloh6j@vimeo.com	Male	186.187.228.0	False
237	Catharina	Clemens	cclemens6k@ibm.com	Female	65.158.160.199	False
238	Yevette	Habbeshaw	yhabbeshaw6l@goodreads.com	Female	113.22.34.214	False
239	Boot	Tripet	btripet6m@statcounter.com	Male	250.73.74.146	False
240	Aggi	Adin	aadin6n@dailymail.co.uk	Female	183.71.7.158	False
241	Christal	Gorcke	cgorcke6o@spiegel.de	Female	15.17.141.92	False
242	Kliment	O'Criane	kocriane6p@jimdo.com	Male	245.155.142.136	False
243	Cora	Plaice	cplaice6q@bloglines.com	Female	247.158.115.140	False
244	Katharine	Currell	kcurrell6r@scribd.com	Female	225.232.216.253	False
245	Alon	Odeson	aodeson6s@rakuten.co.jp	Male	158.59.38.72	False
246	Rutter	Bloxholm	rbloxholm6t@berkeley.edu	Male	81.14.113.138	False
247	Kellen	Lenin	klenin6u@livejournal.com	Male	42.106.197.254	False
248	Aprilette	Leivers	aleivers6v@angelfire.com	Female	217.55.155.51	False
249	Blythe	Mugg	bmugg6w@123-reg.co.uk	Female	85.208.56.183	False
250	Andrej	Farrant	afarrant6x@topsy.com	Male	192.198.239.40	False
251	North	Dreakin	ndreakin6y@reference.com	Male	190.133.97.229	False
252	Millard	Alderwick	malderwick6z@gravatar.com	Male	202.75.55.139	False
253	Rickie	Pflieger	rpflieger70@jalbum.net	Female	0.100.188.104	False
254	Bordy	Lehon	blehon71@nytimes.com	Male	247.155.229.67	False
255	Malory	Darcy	mdarcy72@smugmug.com	Female	90.136.44.83	False
256	Alfred	Witsey	awitsey73@prlog.org	Male	32.17.211.52	False
257	Elinore	Sheehy	esheehy74@wp.com	Female	156.140.66.76	False
258	Bengt	Gilbee	bgilbee75@mac.com	Male	31.59.197.212	False
259	Anabelle	Quin	aquin76@cbslocal.com	Female	251.0.176.141	False
260	Lavina	Mongain	lmongain77@plala.or.jp	Female	123.134.133.237	False
261	Lauraine	Olivelli	lolivelli78@goodreads.com	Female	228.20.101.79	False
262	Redford	Cancellieri	rcancellieri79@ox.ac.uk	Male	206.254.52.241	False
263	Sherm	Vivers	svivers7a@yahoo.co.jp	Male	195.45.91.42	False
264	Gretta	Astell	gastell7b@china.com.cn	Female	114.254.233.165	False
265	Sydney	Stentiford	sstentiford7c@zdnet.com	Male	209.169.159.247	False
266	Ashely	McIlory	amcilory7d@hubpages.com	Female	68.5.90.163	False
267	Che	Liverseege	cliverseege7e@state.gov	Male	236.36.65.184	False
268	Ted	Bartot	tbartot7f@cmu.edu	Female	251.88.95.47	False
269	Joni	Whitefoot	jwhitefoot7g@adobe.com	Female	108.154.91.102	False
270	Nichol	Limb	nlimb7h@godaddy.com	Female	68.72.138.3	False
271	Gayla	De Ferrari	gdeferrari7i@opensource.org	Female	30.116.215.41	False
272	Ax	Fishwick	afishwick7j@sciencedaily.com	Male	86.40.71.68	False
273	Hollyanne	Reeme	hreeme7k@google.it	Female	200.163.75.141	False
274	Eugenio	Tanfield	etanfield7l@taobao.com	Male	73.105.21.142	False
275	Clive	Godmar	cgodmar7m@plala.or.jp	Male	33.177.207.96	False
276	Cordie	Caddick	ccaddick7n@wikipedia.org	Female	105.191.188.248	False
277	Jennifer	Stoak	jstoak7o@ycombinator.com	Female	74.212.25.226	False
278	Stearn	Danilenko	sdanilenko7p@ow.ly	Male	176.255.126.112	False
279	Georgeta	Casetti	gcasetti7q@theatlantic.com	Female	230.201.187.218	False
280	Jordain	McClaren	jmcclaren7r@uiuc.edu	Female	124.38.215.53	False
281	Craggie	Ravenhill	cravenhill7s@boston.com	Male	145.102.58.41	False
282	Marlo	Sandland	msandland7t@cocolog-nifty.com	Female	113.120.38.138	False
283	Nan	Puckinghorne	npuckinghorne7u@amazonaws.com	Female	77.45.13.219	False
284	Nancy	Yielding	nyielding7v@creativecommons.org	Female	129.77.169.252	False
285	Larine	Busse	lbusse7w@webs.com	Female	191.252.231.30	False
286	Chery	Hothersall	chothersall7x@github.io	Female	94.15.122.243	False
287	Ephrayim	Ould	eould7y@spotify.com	Male	86.180.45.215	False
288	Elbert	Dreher	edreher7z@dion.ne.jp	Male	152.195.24.47	False
289	Baudoin	Fattore	bfattore80@t.co	Male	224.25.36.221	False
290	Kele	Aizikowitz	kaizikowitz81@cargocollective.com	Male	53.25.223.179	False
291	Keven	Briscam	kbriscam82@tripod.com	Male	91.22.11.234	False
292	Adaline	Steade	asteade83@howstuffworks.com	Female	105.36.178.50	False
293	Flora	Ferre	fferre84@rambler.ru	Female	30.13.127.10	False
294	Hunfredo	Parmiter	hparmiter85@economist.com	Male	146.191.81.104	False
295	Jillayne	Grigoli	jgrigoli86@unesco.org	Female	250.144.249.245	False
296	Karlotte	Dancer	kdancer87@technorati.com	Female	144.67.115.63	False
297	Worden	Higbin	whigbin88@bluehost.com	Male	73.216.78.221	False
298	Emmanuel	Moulder	emoulder89@biblegateway.com	Male	167.181.122.21	False
299	Urson	Straffon	ustraffon8a@e-recht24.de	Male	17.213.90.109	False
300	Mala	Poulston	mpoulston8b@liveinternet.ru	Female	26.8.138.155	False
301	Barbey	Tenby	btenby8c@paginegialle.it	Female	231.161.211.138	False
302	Brose	Kringe	bkringe8d@nationalgeographic.com	Male	69.226.230.213	False
303	Brandi	Jayes	bjayes8e@loc.gov	Female	94.159.206.156	False
304	Linnea	Beevor	lbeevor8f@ameblo.jp	Female	106.228.141.34	False
305	Percy	Beetles	pbeetles8g@cbsnews.com	Male	194.49.157.170	False
306	Sherry	Wren	swren8h@gnu.org	Female	56.6.2.158	False
307	Kip	Dinneges	kdinneges8i@deviantart.com	Male	136.60.131.243	False
308	Boniface	Ross	bross8j@joomla.org	Male	110.36.140.67	False
309	Rourke	Coster	rcoster8k@tripod.com	Male	233.173.193.204	False
310	Obie	Meuse	omeuse8l@xing.com	Male	164.38.61.58	False
311	Carlynne	Chadwick	cchadwick8m@livejournal.com	Female	56.95.89.208	False
312	Nixie	Deathridge	ndeathridge8n@com.com	Female	32.226.88.167	False
313	Silvio	Gillmor	sgillmor8o@businessinsider.com	Male	188.247.82.12	False
314	Lesley	Calbert	lcalbert8p@mozilla.org	Female	76.86.137.208	False
315	Vernice	Crippin	vcrippin8q@technorati.com	Female	76.9.7.47	False
316	Marcellina	Dunbar	mdunbar8r@webs.com	Female	75.37.226.26	False
317	Nathanil	Lindenberg	nlindenberg8s@wsj.com	Male	139.142.153.92	False
318	Gage	Kirtland	gkirtland8t@columbia.edu	Male	30.148.236.210	False
319	Sanford	Skelcher	sskelcher8u@sogou.com	Male	143.219.14.233	False
320	Merline	Snoxell	msnoxell8v@oaic.gov.au	Female	156.245.81.29	False
321	Morry	Kissack	mkissack8w@multiply.com	Male	250.252.27.78	False
322	Clary	Crop	ccrop8x@hao123.com	Female	199.21.91.59	False
323	Karol	Derby	kderby8y@dedecms.com	Female	217.104.105.185	False
324	Jacquette	Dallmann	jdallmann8z@bloglines.com	Female	222.234.150.39	False
325	Haskel	Lethardy	hlethardy90@theglobeandmail.com	Male	247.185.98.159	False
326	Fleur	Valentinuzzi	fvalentinuzzi91@desdev.cn	Female	159.22.6.215	False
327	Gunter	Scaddon	gscaddon92@noaa.gov	Male	211.142.56.88	False
328	Francine	Hallum	fhallum93@hubpages.com	Female	81.41.29.4	False
329	Asher	Woodhams	awoodhams94@admin.ch	Male	249.104.26.94	False
330	Colline	Ewell	cewell95@house.gov	Female	13.183.35.66	False
331	Grace	Southworth	gsouthworth96@google.ca	Female	157.87.88.172	False
332	Abbie	Kinglesyd	akinglesyd97@cdc.gov	Female	58.8.50.110	False
333	Pernell	Schoular	pschoular98@psu.edu	Male	196.87.64.182	False
334	Curt	Franckton	cfranckton99@cisco.com	Male	221.120.116.193	False
335	Geno	Albin	galbin9a@networkadvertising.org	Male	140.217.179.190	False
336	Janet	Isard	jisard9b@google.co.uk	Female	76.6.99.117	False
337	Bernardine	Gowlett	bgowlett9c@gmpg.org	Female	8.12.32.6	False
338	Florance	Milbourne	fmilbourne9d@yahoo.co.jp	Female	252.163.245.26	False
339	Faulkner	Kordovani	fkordovani9e@forbes.com	Male	214.7.98.109	False
340	Abrahan	Chasen	achasen9f@theglobeandmail.com	Male	41.14.239.131	False
341	Gibb	Sizey	gsizey9g@imdb.com	Male	141.172.207.104	False
342	Stefania	Matysiak	smatysiak9h@exblog.jp	Female	16.177.9.72	False
343	Steffi	Jakobsson	sjakobsson9i@ftc.gov	Female	30.152.87.201	False
344	Alric	Cornwall	acornwall9j@sourceforge.net	Male	133.35.228.36	False
345	Ray	Lints	rlints9k@php.net	Female	190.213.65.116	False
346	Kenna	Williamson	kwilliamson9l@topsy.com	Female	249.175.182.58	False
347	Waylan	Ryan	wryan9m@upenn.edu	Male	160.254.66.183	False
348	Grace	Sinclar	gsinclar9n@github.io	Female	80.24.253.70	False
349	Ertha	Clarey	eclarey9o@discovery.com	Female	209.50.170.71	False
350	Orville	Wharf	owharf9p@miibeian.gov.cn	Male	248.44.213.109	False
351	John	Challin	jchallin9q@ucoz.com	Male	118.29.222.113	False
352	Abeu	Aldins	aaldins9r@mashable.com	Male	179.225.12.188	False
353	Skylar	Arniz	sarniz9s@columbia.edu	Male	235.96.230.85	False
354	Lissy	Freeborn	lfreeborn9t@google.es	Female	241.50.238.112	False
355	Ivar	Senussi	isenussi9u@photobucket.com	Male	238.72.127.98	False
356	Ethel	Houseago	ehouseago9v@theatlantic.com	Female	100.82.31.195	False
357	Mendy	Tomasicchio	mtomasicchio9w@biblegateway.com	Male	215.240.41.250	False
358	Maryjane	Paler	mpaler9x@unesco.org	Female	23.58.124.189	False
359	Vin	Phillpot	vphillpot9y@bravesites.com	Male	241.167.129.48	False
360	Kalila	Lawty	klawty9z@stumbleupon.com	Female	149.176.192.8	False
361	Chadwick	Kupker	ckupkera0@csmonitor.com	Male	202.239.46.26	False
362	Hallie	Robelin	hrobelina1@washingtonpost.com	Female	183.92.243.120	False
363	Victoria	Poznan	vpoznana2@mapy.cz	Female	196.193.117.165	False
364	Kirk	Toward	ktowarda3@discuz.net	Male	248.65.9.121	False
365	Paquito	Elmhurst	pelmhursta4@mediafire.com	Male	70.192.83.246	False
366	Lucina	Seemmonds	lseemmondsa5@mail.ru	Female	3.43.10.72	False
367	Stillmann	Sawkin	ssawkina6@cloudflare.com	Male	140.90.239.2	False
368	Jenica	Mattimoe	jmattimoea7@about.me	Female	115.124.150.162	False
369	Benoite	Krammer	bkrammera8@europa.eu	Female	62.223.27.133	False
370	Jamesy	Robelet	jrobeleta9@cdbaby.com	Male	114.26.82.160	False
371	Byrann	Meader	bmeaderaa@mayoclinic.com	Male	220.228.165.128	False
372	Marlyn	Polino	mpolinoab@latimes.com	Female	121.166.222.27	False
373	Melvyn	Barkworth	mbarkworthac@dailymail.co.uk	Male	138.190.97.150	False
374	Ephrayim	Aust	eaustad@howstuffworks.com	Male	103.145.160.45	False
375	Aldo	Corssen	acorssenae@reddit.com	Male	235.253.47.45	False
376	Tim	Parysiak	tparysiakaf@wufoo.com	Male	115.247.120.48	False
377	Gothart	Carmen	gcarmenag@skype.com	Male	61.75.157.28	False
378	Tiebout	Dowber	tdowberah@trellian.com	Male	189.226.117.252	False
379	Hamel	Melior	hmeliorai@berkeley.edu	Male	150.167.221.233	False
380	Fields	Ebourne	febourneaj@usgs.gov	Male	243.145.86.9	False
381	Jourdan	Corey	jcoreyak@google.es	Female	14.167.229.135	False
382	Felix	McLaine	fmclaineal@oaic.gov.au	Male	6.46.186.93	False
383	Annabell	Beevens	abeevensam@webeden.co.uk	Female	85.140.143.10	False
384	De	Thorogood	dthorogoodan@about.com	Female	51.55.144.126	False
385	Liam	Chastelain	lchastelainao@flickr.com	Male	163.134.117.65	False
386	Mufinella	Stockney	mstockneyap@time.com	Female	165.229.70.98	False
387	Giovanna	Cristofanini	gcristofaniniaq@e-recht24.de	Female	22.127.167.28	False
388	Linnea	Overstreet	loverstreetar@timesonline.co.uk	Female	211.17.180.6	False
389	Carline	Upstone	cupstoneas@hao123.com	Female	129.199.192.140	False
390	Von	Vine	vvineat@independent.co.uk	Male	10.42.99.26	False
391	Christa	Denyukhin	cdenyukhinau@bloglovin.com	Female	143.18.139.128	False
392	Ritchie	Kalf	rkalfav@imgur.com	Male	118.2.207.37	False
393	Halsy	Probyn	hprobynaw@sciencedaily.com	Male	147.255.192.149	False
394	Mathew	Rowthorn	mrowthornax@deviantart.com	Male	214.206.228.35	False
395	Justino	Erlam	jerlamay@etsy.com	Male	79.94.218.35	False
396	Vernen	Roberds	vroberdsaz@livejournal.com	Male	219.132.230.194	False
397	Darn	Elliss	dellissb0@bigcartel.com	Male	139.46.72.168	False
398	Melisenda	Aliman	malimanb1@infoseek.co.jp	Female	114.147.173.149	False
399	Miguelita	Vasyutin	mvasyutinb2@about.com	Female	114.9.96.190	False
400	Quill	Telfer	qtelferb3@slashdot.org	Male	144.34.34.25	False
401	Isac	Philo	iphilob4@usnews.com	Male	156.247.131.60	False
402	Bernardo	Gimblet	bgimbletb5@cafepress.com	Male	106.162.134.52	False
403	Ardra	Gout	agoutb6@usnews.com	Female	154.50.25.43	False
404	Kelsy	Grist	kgristb7@accuweather.com	Female	129.182.114.202	False
405	Eldridge	Elwyn	eelwynb8@businessinsider.com	Male	4.215.57.192	False
406	Raphael	Mutimer	rmutimerb9@ucsd.edu	Male	233.252.211.141	False
407	Tommi	Safhill	tsafhillba@arstechnica.com	Female	61.32.7.185	False
408	Phillida	Lord	plordbb@cargocollective.com	Female	149.127.190.59	False
409	Isac	Millea	imilleabc@typepad.com	Male	104.232.172.40	False
410	Darice	Winyard	dwinyardbd@furl.net	Female	30.216.61.251	False
411	Jacklin	Tolhurst	jtolhurstbe@rambler.ru	Female	167.91.125.76	False
412	Kale	Rousby	krousbybf@icio.us	Male	238.180.130.32	False
413	Archie	Adame	aadamebg@vkontakte.ru	Male	77.188.162.242	False
414	Sharon	Davidai	sdavidaibh@webs.com	Female	205.5.30.6	False
415	Flory	Tebb	ftebbbi@umich.edu	Male	122.98.6.29	False
416	Floris	Straw	fstrawbj@sphinn.com	Female	167.50.235.252	False
417	Rosella	Bragge	rbraggebk@dailymotion.com	Female	94.97.89.174	False
418	Cull	Ingleson	cinglesonbl@berkeley.edu	Male	204.186.233.128	False
419	Cordie	Gilhespy	cgilhespybm@goodreads.com	Male	87.112.132.245	False
420	Romain	Riste	rristebn@skyrock.com	Male	210.208.75.177	False
421	Chad	Glantz	cglantzbo@mozilla.com	Male	42.132.103.123	False
422	Leonora	Alway	lalwaybp@livejournal.com	Female	48.166.204.62	False
423	Miof mela	Radeliffe	mradeliffebq@cdbaby.com	Female	222.164.12.1	False
424	Jaquelyn	Domeny	jdomenybr@lycos.com	Female	227.131.211.107	False
425	Tonye	Bewfield	tbewfieldbs@berkeley.edu	Female	116.135.113.26	False
426	Padgett	Geillier	pgeillierbt@smugmug.com	Male	146.199.117.174	False
427	Skyler	Frickey	sfrickeybu@artisteer.com	Male	80.74.121.208	False
428	Erek	Bowcock	ebowcockbv@cbc.ca	Male	207.109.201.207	False
429	Tilda	Janecki	tjaneckibw@wufoo.com	Female	117.103.216.7	False
430	Jon	Gadeaux	jgadeauxbx@t.co	Male	241.120.153.63	False
431	Alberto	Van der Beek	avanderbeekby@yandex.ru	Male	190.32.150.207	False
432	Burl	End	bendbz@china.com.cn	Male	255.26.162.50	False
433	Shay	Haddow	shaddowc0@topsy.com	Male	113.171.70.95	False
434	Ingemar	St. Pierre	istpierrec1@simplemachines.org	Male	238.222.75.58	False
435	Farrell	Turbefield	fturbefieldc2@youtu.be	Male	221.187.131.132	False
436	Jessie	Halesworth	jhalesworthc3@gravatar.com	Female	189.253.214.246	False
437	Carlee	More	cmorec4@etsy.com	Female	154.222.137.135	False
438	Cristabel	Kunrad	ckunradc5@goo.ne.jp	Female	170.214.67.185	False
439	Mallory	Blatcher	mblatcherc6@fda.gov	Male	83.81.241.25	False
440	Alvie	Reyson	areysonc7@ca.gov	Male	172.198.204.78	False
441	Ross	Hollows	rhollowsc8@123-reg.co.uk	Male	226.102.244.216	False
442	Burch	Lloyds	blloydsc9@howstuffworks.com	Male	211.51.162.189	False
443	Caria	Pennock	cpennockca@wsj.com	Female	101.44.70.218	False
444	Feodora	Carreyette	fcarreyettecb@shop-pro.jp	Female	188.185.251.228	False
445	Kippar	Dixcey	kdixceycc@typepad.com	Male	203.251.64.93	False
446	Rex	Addis	raddiscd@shinystat.com	Male	169.57.82.219	False
447	Stevana	Sancias	ssanciasce@answers.com	Female	59.34.110.242	False
448	Alastair	Domnin	adomnincf@ucsd.edu	Male	193.117.187.108	False
449	Loni	Hellier	lhelliercg@squarespace.com	Female	139.32.219.181	False
450	Nickolaus	Wilce	nwilcech@de.vu	Male	188.187.151.249	False
451	Geri	Baskeyfield	gbaskeyfieldci@tuttocitta.it	Male	142.152.150.96	False
452	Frieda	Etteridge	fetteridgecj@vimeo.com	Female	32.247.168.247	False
453	Skipper	Isakson	sisaksonck@163.com	Male	148.166.27.113	False
454	Oates	Knyvett	oknyvettcl@dmoz.org	Male	158.162.196.230	False
455	Alva	Fausset	afaussetcm@webs.com	Male	125.246.65.82	False
456	Tyne	Skoggins	tskogginscn@skype.com	Female	209.212.223.141	False
457	Elvis	Scates	escatesco@columbia.edu	Male	122.3.177.253	False
458	Carling	Riddick	criddickcp@foxnews.com	Male	227.100.225.135	False
459	Mose	Durtnall	mdurtnallcq@ebay.co.uk	Male	125.217.92.111	False
460	Sibby	Packman	spackmancr@huffingtonpost.com	Female	128.133.76.253	False
461	Jon	Glasscoo	jglasscoocs@github.com	Male	133.212.163.151	False
462	Leighton	ducarme	lducarmect@lulu.com	Male	166.211.88.243	False
463	Felix	Yves	fyvescu@gmpg.org	Male	105.68.117.23	False
464	Eli	Wasmuth	ewasmuthcv@about.com	Male	221.88.131.77	False
465	Melisse	Chominski	mchominskicw@nih.gov	Female	159.25.96.121	False
466	Val	Gimson	vgimsoncx@nasa.gov	Female	176.40.30.28	False
467	Salvador	Chaplyn	schaplyncy@dot.gov	Male	158.230.252.102	False
468	Borden	Surgison	bsurgisoncz@noaa.gov	Male	255.172.187.31	False
469	Bettine	MacElroy	bmacelroyd0@parallels.com	Female	91.74.43.83	False
470	Padraig	Blethyn	pblethynd1@furl.net	Male	249.37.17.173	False
471	Kenn	Lycett	klycettd2@mozilla.org	Male	252.199.136.5	False
472	Karel	Heads	kheadsd3@upenn.edu	Male	215.164.120.128	False
473	Alameda	Jagg	ajaggd4@dailymotion.com	Female	196.169.135.64	False
474	Vite	Carrabot	vcarrabotd5@hatena.ne.jp	Male	60.83.201.96	False
475	Belvia	Ryam	bryamd6@google.fr	Female	19.25.230.114	False
476	Jarid	McIndoe	jmcindoed7@istockphoto.com	Male	156.252.203.87	False
477	Philippine	Wyse	pwysed8@squidoo.com	Female	201.92.205.188	False
478	Adena	Feilden	afeildend9@irs.gov	Female	188.148.206.71	False
479	Walliw	Heinicke	wheinickeda@apache.org	Female	2.231.169.244	False
480	Arch	Beverstock	abeverstockdb@columbia.edu	Male	121.220.120.135	False
481	Jeddy	Welchman	jwelchmandc@examiner.com	Male	204.60.44.230	False
482	Henri	Botwood	hbotwooddd@opera.com	Male	207.207.113.169	False
483	Nydia	Dominka	ndominkade@pbs.org	Female	133.157.178.207	False
484	Harrietta	Wittey	hwitteydf@craigslist.org	Female	76.244.105.180	False
485	Ricard	Samett	rsamettdg@buzzfeed.com	Male	220.39.93.105	False
486	Verina	Glass	vglassdh@meetup.com	Female	220.96.206.183	False
487	Delaney	Yardy	dyardydi@nba.com	Male	253.205.121.15	False
488	Martino	Edwin	medwindj@upenn.edu	Male	86.160.232.246	False
489	Lazarus	Patnelli	lpatnellidk@house.gov	Male	231.168.96.2	False
490	Sarge	Abercrombie	sabercrombiedl@nasa.gov	Male	16.216.55.3	False
491	Dukey	Risbrough	drisbroughdm@cdc.gov	Male	83.221.47.181	False
492	Julianna	Tolwood	jtolwooddn@163.com	Female	88.252.68.168	False
493	Jedd	Moverley	jmoverleydo@ycombinator.com	Male	141.131.107.190	False
494	Carlota	Jacobovitz	cjacobovitzdp@imgur.com	Female	94.195.161.155	False
495	Tess	Bails	tbailsdq@arizona.edu	Female	228.128.116.147	False
496	Filmore	Kristoffersson	fkristofferssondr@php.net	Male	0.168.201.154	False
497	Layla	Schober	lschoberds@webs.com	Female	213.216.5.66	False
498	Torre	Joannidi	tjoannididt@sbwire.com	Male	216.207.27.105	False
499	Sammy	Gozney	sgozneydu@prnewswire.com	Male	234.99.168.177	False
500	Darsey	Veness	dvenessdv@wordpress.com	Female	176.4.6.38	False
501	Nan	Camerana	ncameranadw@redcross.org	Female	182.191.116.99	False
502	Beverley	Figger	bfiggerdx@toplist.cz	Female	221.71.229.198	False
503	Tybi	Portriss	tportrissdy@qq.com	Female	45.195.123.111	False
504	Anneliese	Baynes	abaynesdz@loc.gov	Female	216.172.127.243	False
505	Raynor	Gisborne	rgisbornee0@ebay.com	Male	226.223.207.192	False
506	Darrell	Elecum	delecume1@plala.or.jp	Male	194.152.51.91	False
507	Cristabel	Manion	cmanione2@mlb.com	Female	81.160.42.50	False
508	Anastasia	Coulman	acoulmane3@google.co.uk	Female	207.122.148.206	False
509	Robena	Cobbing	rcobbinge4@phoca.cz	Female	38.103.208.12	False
510	Kristine	Frostdyke	kfrostdykee5@yolasite.com	Female	242.168.14.225	False
511	Hagen	Schust	hschuste6@indiegogo.com	Male	74.167.64.16	False
512	Eydie	Skures	eskurese7@noaa.gov	Female	130.21.92.136	False
513	Melanie	Gypson	mgypsone8@gov.uk	Female	194.138.153.202	False
514	Mauricio	Killick	mkillicke9@cisco.com	Male	176.13.190.141	False
515	Dru	Lesser	dlesserea@typepad.com	Male	126.94.246.59	False
516	Kimbell	Sangwin	ksangwineb@elpais.com	Male	102.7.152.244	False
517	Joshua	Songust	jsongustec@goo.gl	Male	154.193.207.226	False
518	Dave	Rosenzwig	drosenzwiged@dion.ne.jp	Male	88.97.7.250	False
519	Jayson	O'Day	jodayee@plala.or.jp	Male	242.23.99.179	False
520	Darrick	Guido	dguidoef@gizmodo.com	Male	47.134.112.215	False
521	Kalli	Antham	kanthameg@mail.ru	Female	75.142.222.116	False
522	Matti	Brookz	mbrookzeh@reddit.com	Female	164.161.245.7	False
523	Rafe	Marquand	rmarquandei@ow.ly	Male	41.94.236.125	False
524	Feodor	Cardinal	fcardinalej@disqus.com	Male	70.132.73.77	False
525	Erna	Sherwyn	esherwynek@unicef.org	Female	22.196.150.57	False
526	Greg	Levermore	glevermoreel@apple.com	Male	34.168.102.73	False
527	Latrena	Wale	lwaleem@desdev.cn	Female	194.127.33.225	False
528	Aldus	Donizeau	adonizeauen@ted.com	Male	149.236.166.42	False
529	Gilda	Estevez	gestevezeo@eepurl.com	Female	182.87.19.206	False
530	Guy	Urquhart	gurquhartep@howstuffworks.com	Male	233.192.206.216	False
531	Annaliese	Lanahan	alanahaneq@reddit.com	Female	10.92.78.232	False
532	Tammie	Hovell	thoveller@arizona.edu	Male	152.80.112.146	False
533	Susy	De Laci	sdelacies@lycos.com	Female	181.220.165.25	False
534	Wood	Whitlock	wwhitlocket@angelfire.com	Male	76.141.92.182	False
535	Dianna	Ginnaly	dginnalyeu@taobao.com	Female	160.16.18.209	False
536	Mattheus	Beesey	mbeeseyev@qq.com	Male	220.229.67.194	False
537	Frasier	Gravenor	fgravenorew@utexas.edu	Male	249.167.26.146	False
538	Billie	Desantis	bdesantisex@myspace.com	Female	64.148.119.179	False
539	Buddy	Connah	bconnahey@symantec.com	Male	193.245.192.197	False
540	Dirk	Hegley	dhegleyez@walmart.com	Male	217.205.172.139	False
541	Lorry	Dessent	ldessentf0@networkadvertising.org	Male	155.85.199.184	False
542	Sapphira	Sturt	ssturtf1@soup.io	Female	10.218.200.99	False
543	Jorgan	Ghiron	jghironf2@cdbaby.com	Male	76.7.89.223	False
544	Stevy	Gerrard	sgerrardf3@about.me	Male	172.144.219.165	False
545	Matthiew	Ben-Aharon	mbenaharonf4@wikipedia.org	Male	150.157.141.78	False
546	Witty	Gile	wgilef5@flavors.me	Male	51.110.224.166	False
547	Kristy	Hadingham	khadinghamf6@ameblo.jp	Female	94.212.58.84	False
548	Moise	Casbolt	mcasboltf7@scribd.com	Male	196.37.218.227	False
549	Rebecca	Rimington	rrimingtonf8@earthlink.net	Female	13.141.212.28	False
550	Ethelyn	Royl	eroylf9@google.pl	Female	66.134.34.125	False
551	Brian	Veregan	bvereganfa@skyrock.com	Male	135.247.252.224	False
552	Nap	McIlhagga	nmcilhaggafb@xrea.com	Male	247.145.16.80	False
553	Rosette	McCooke	rmccookefc@miitbeian.gov.cn	Female	32.108.194.1	False
554	Collen	Schermick	cschermickfd@netlog.com	Female	211.101.0.35	False
555	Tamiko	Dudney	tdudneyfe@alexa.com	Female	80.69.221.69	False
556	Leyla	Glamart	lglamartff@slideshare.net	Female	106.148.101.65	False
557	Tiena	Barwood	tbarwoodfg@shutterfly.com	Female	232.190.8.117	False
558	Niko	Downing	ndowningfh@blog.com	Male	202.93.244.87	False
559	Gage	Lavalde	glavaldefi@geocities.jp	Male	36.26.36.125	False
560	Jessa	Gage	jgagefj@japanpost.jp	Female	180.246.123.118	False
561	Teador	Spilisy	tspilisyfk@redcross.org	Male	61.163.190.30	False
562	Duff	Roarty	droartyfl@jugem.jp	Male	222.124.136.154	False
563	Ronnica	Fundell	rfundellfm@cbc.ca	Female	19.168.55.213	False
564	Jayson	Stonner	jstonnerfn@ox.ac.uk	Male	226.235.216.165	False
565	Forster	Raff	frafffo@trellian.com	Male	25.228.92.66	False
566	Elisabetta	McEntee	emcenteefp@freewebs.com	Female	244.237.134.243	False
567	Janessa	Hanks	jhanksfq@bloglines.com	Female	188.104.75.21	False
568	Brigit	Busch	bbuschfr@photobucket.com	Female	79.2.210.54	False
569	Sharon	Goatman	sgoatmanfs@wunderground.com	Female	87.138.169.85	False
570	Marnie	Pyke	mpykeft@theglobeandmail.com	Female	115.101.82.16	False
571	Robbin	Mushrow	rmushrowfu@oakley.com	Female	165.34.252.197	False
572	Julius	Komorowski	jkomorowskifv@pbs.org	Male	233.197.25.75	False
573	Danika	Millership	dmillershipfw@hibu.com	Female	223.190.120.48	False
574	Ervin	Bearward	ebearwardfx@pcworld.com	Male	21.118.196.195	False
575	Gonzales	Forlong	gforlongfy@economist.com	Male	139.242.80.185	False
576	Salem	Flaunders	sflaundersfz@biglobe.ne.jp	Male	110.51.151.158	False
577	Wittie	MacKenny	wmackennyg0@baidu.com	Male	134.209.228.165	False
578	Olympe	McCoveney	omccoveneyg1@google.ru	Female	174.234.136.252	False
579	Johnath	Pleasants	jpleasantsg2@163.com	Female	193.241.137.169	False
580	Shepard	Mulford	smulfordg3@answers.com	Male	64.28.126.177	False
581	Glynis	Redemile	gredemileg4@last.fm	Female	144.43.191.142	False
582	Avivah	Reuben	areubeng5@blogger.com	Female	241.95.136.76	False
583	Aubree	Musprat	amuspratg6@symantec.com	Female	239.40.86.150	False
584	Nelle	Scyone	nscyoneg7@kickstarter.com	Female	31.134.99.71	False
585	Isahella	Ungerechts	iungerechtsg8@si.edu	Female	73.242.134.155	False
586	Everard	Genge	egengeg9@hubpages.com	Male	30.187.144.165	False
587	Luke	Feben	lfebenga@abc.net.au	Male	157.51.106.135	False
588	Aprilette	Kibby	akibbygb@opera.com	Female	102.122.45.130	False
589	Anna-maria	Yuryshev	ayuryshevgc@europa.eu	Female	140.94.163.130	False
590	Myrtia	Galego	mgalegogd@php.net	Female	226.216.17.177	False
591	Arvy	Talboy	atalboyge@engadget.com	Male	87.228.187.208	False
592	Jacqueline	Evemy	jevemygf@time.com	Female	10.26.141.16	False
593	Salvatore	Rymer	srymergg@icio.us	Male	209.13.16.55	False
594	Felix	Chelnam	fchelnamgh@ovh.net	Male	40.28.86.116	False
595	Trent	Stebbin	tstebbingi@icio.us	Male	93.94.34.139	False
596	Mellisa	Fookes	mfookesgj@ustream.tv	Female	124.99.227.248	False
597	Doe	Simants	dsimantsgk@mit.edu	Female	31.217.144.193	False
598	Thatcher	Carik	tcarikgl@mapy.cz	Male	150.4.35.187	False
599	Bil	Scrange	bscrangegm@bbb.org	Male	4.159.221.124	False
600	Norman	Woolway	nwoolwaygn@seattletimes.com	Male	46.93.74.237	False
601	Bonny	Gutridge	bgutridgego@ox.ac.uk	Female	63.17.8.223	False
602	Omero	Readshaw	oreadshawgp@newyorker.com	Male	121.68.149.72	False
603	Fiann	Gother	fgothergq@g.co	Female	60.214.97.117	False
604	Melesa	Kingstne	mkingstnegr@jiathis.com	Female	249.132.111.73	False
605	Xylia	McIver	xmcivergs@ft.com	Female	72.117.92.115	False
606	Rosemarie	Fennessy	rfennessygt@linkedin.com	Female	33.234.203.92	False
607	Ephrayim	Tyrone	etyronegu@apache.org	Male	110.225.218.68	False
608	Freeland	Redolfi	fredolfigv@home.pl	Male	206.52.104.36	False
609	Jayme	Greenfield	jgreenfieldgw@state.gov	Male	197.162.187.24	False
610	Jehanna	Bullimore	jbullimoregx@yahoo.com	Female	160.134.154.143	False
611	Ferne	Guitonneau	fguitonneaugy@diigo.com	Female	89.200.116.125	False
612	Estele	Boumphrey	eboumphreygz@gnu.org	Female	112.21.129.133	False
613	Kelsey	Dyble	kdybleh0@ed.gov	Male	4.10.16.161	False
614	Jocko	Fetterplace	jfetterplaceh1@globo.com	Male	205.143.188.70	False
615	Sayre	Garnsey	sgarnseyh2@wordpress.org	Male	181.154.59.44	False
616	Freida	Sabbatier	fsabbatierh3@ning.com	Female	48.93.172.81	False
617	Mathe	Manklow	mmanklowh4@ucoz.com	Male	18.150.87.226	False
618	Moira	Orcas	morcash5@godaddy.com	Female	81.194.221.132	False
619	Bent	Capelen	bcapelenh6@geocities.com	Male	154.219.169.245	False
620	Christoffer	Jewks	cjewksh7@mtv.com	Male	20.18.40.251	False
621	Tailor	Course	tcourseh8@phoca.cz	Male	46.218.249.85	False
622	Anica	Payfoot	apayfooth9@hatena.ne.jp	Female	159.200.162.232	False
623	Bo	Begin	bbeginha@sakura.ne.jp	Male	12.228.216.120	False
624	Nixie	Jordan	njordanhb@who.int	Female	254.83.50.11	False
625	Lezley	France	lfrancehc@histats.com	Male	129.226.155.113	False
626	Sue	Dellenbach	sdellenbachhd@merriam-webster.com	Female	124.84.235.249	False
627	Emanuele	Beech	ebeechhe@about.com	Male	78.30.10.63	False
628	Gus	Fillgate	gfillgatehf@google.com	Female	74.52.75.15	False
629	Jolene	Walentynowicz	jwalentynowiczhg@drupal.org	Female	136.229.175.157	False
630	Claribel	Legion	clegionhh@mozilla.com	Female	21.103.83.108	False
631	Janet	Pinchbeck	jpinchbeckhi@geocities.com	Female	9.229.211.144	False
632	Zolly	Osorio	zosoriohj@mayoclinic.com	Male	229.164.10.219	False
633	Corinne	Brittle	cbrittlehk@seattletimes.com	Female	193.96.66.107	False
634	Aundrea	Philcock	aphilcockhl@sogou.com	Female	70.125.88.154	False
635	Anthia	Bantham	abanthamhm@unc.edu	Female	240.36.32.17	False
636	Gypsy	Alessandrini	galessandrinihn@pcworld.com	Female	49.93.48.174	False
637	Sasha	Groneway	sgronewayho@wisc.edu	Female	185.188.220.62	False
638	Edouard	Veregan	evereganhp@wufoo.com	Male	171.198.121.79	False
639	Olag	Wakefield	owakefieldhq@skype.com	Male	51.242.134.10	False
640	Teri	Gun	tgunhr@themeforest.net	Female	233.127.180.80	False
641	Prudi	Huffy	phuffyhs@vistaprint.com	Female	94.171.152.102	False
642	Armstrong	Eastwell	aeastwellht@trellian.com	Male	92.155.79.71	False
643	Wylie	Rigardeau	wrigardeauhu@earthlink.net	Male	250.193.232.30	False
644	Marty	Brockie	mbrockiehv@gmpg.org	Female	143.173.193.246	False
645	Francois	Dare	fdarehw@princeton.edu	Male	54.1.28.140	False
646	Tomas	Mableson	tmablesonhx@shinystat.com	Male	119.197.142.252	False
647	Barrie	Nutman	bnutmanhy@flickr.com	Female	170.137.196.27	False
648	Giles	Maciocia	gmaciociahz@soundcloud.com	Male	47.7.164.182	False
649	Liv	Ellyatt	lellyatti0@flickr.com	Female	206.124.16.41	False
650	Artemus	Giovanazzi	agiovanazzii1@discovery.com	Male	81.185.83.210	False
651	Malvina	Finlay	mfinlayi2@soundcloud.com	Female	181.169.66.98	False
652	Robbert	Keys	rkeysi3@addthis.com	Male	155.239.86.129	False
653	Ashien	Barnes	abarnesi4@google.it	Female	137.217.198.9	False
654	Rinaldo	Worden	rwordeni5@mayoclinic.com	Male	169.247.215.212	False
655	Rand	Garvagh	rgarvaghi6@last.fm	Male	77.98.99.203	False
656	Saxe	Garter	sgarteri7@google.ru	Male	37.129.89.193	False
657	Barn	Blonden	bblondeni8@phpbb.com	Male	152.238.48.104	False
658	Mirabelle	Fender	mfenderi9@imageshack.us	Female	145.121.54.150	False
659	Revkah	Sturr	rsturria@mysql.com	Female	214.203.31.91	False
660	Bradney	Falkus	bfalkusib@yandex.ru	Male	185.239.0.115	False
661	Sawyer	Ewbanche	sewbancheic@boston.com	Male	162.4.142.89	False
662	Melisa	Dudin	mdudinid@state.tx.us	Female	216.221.93.71	False
663	Brenn	Franses	bfransesie@globo.com	Female	176.245.178.25	False
664	Niki	Loseke	nlosekeif@squidoo.com	Female	191.240.165.140	False
665	Barnard	Dmisek	bdmisekig@prnewswire.com	Male	121.64.25.91	False
666	Robbert	Pirdue	rpirdueih@umn.edu	Male	235.243.41.102	False
667	Maire	Cuncarr	mcuncarrii@aol.com	Female	138.15.102.197	False
668	Allx	Browncey	abrownceyij@yelp.com	Female	72.238.5.214	False
669	Westleigh	Tottie	wtottieik@lulu.com	Male	52.44.145.232	False
670	Rollie	Leaming	rleamingil@drupal.org	Male	176.110.189.78	False
671	Heddi	Bladesmith	hbladesmithim@cafepress.com	Female	123.211.153.134	False
672	Celestina	Drinnan	cdrinnanin@studiopress.com	Female	138.240.22.242	False
673	Farlee	Raddon	fraddonio@php.net	Male	6.127.130.97	False
674	Ferguson	Corps	fcorpsip@infoseek.co.jp	Male	239.77.176.34	False
675	Johnette	Simoncello	jsimoncelloiq@businessweek.com	Female	76.64.173.177	False
676	Berna	Menzies	bmenziesir@ask.com	Female	47.209.60.216	False
677	Archambault	Sendall	asendallis@bandcamp.com	Male	149.123.247.103	False
678	Angil	Atchly	aatchlyit@liveinternet.ru	Female	59.29.99.177	False
679	Amandie	Gartenfeld	agartenfeldiu@msu.edu	Female	192.216.137.26	False
680	Sammy	Gabotti	sgabottiiv@netscape.com	Female	146.207.22.99	False
681	Lovell	Borell	lborelliw@utexas.edu	Male	224.227.89.255	False
682	Godwin	Casado	gcasadoix@loc.gov	Male	228.230.240.74	False
683	Della	Drever	ddreveriy@ow.ly	Female	24.155.180.38	False
684	Evangelina	Siuda	esiudaiz@google.it	Female	234.32.236.192	False
685	Giovanni	MacCahee	gmaccaheej0@desdev.cn	Male	105.209.238.158	False
686	Garrek	Dugald	gdugaldj1@instagram.com	Male	14.216.96.2	False
687	Garland	Gilmour	ggilmourj2@umn.edu	Female	205.208.162.64	False
688	Ernest	Arnet	earnetj3@liveinternet.ru	Male	33.89.125.41	False
689	Vincenz	Durston	vdurstonj4@yellowpages.com	Male	6.63.75.167	False
690	Gannon	Kenelin	gkenelinj5@zdnet.com	Male	145.248.127.44	False
691	Joby	Bowdrey	jbowdreyj6@dropbox.com	Female	199.223.205.154	False
692	Nari	Colston	ncolstonj7@ehow.com	Female	116.59.186.243	False
693	Brittaney	Crump	bcrumpj8@census.gov	Female	236.47.207.167	False
694	Quentin	Pollins	qpollinsj9@redcross.org	Female	228.167.233.17	False
695	Reese	Fedoronko	rfedoronkoja@skype.com	Male	233.189.205.179	False
696	Maudie	Gayden	mgaydenjb@nbcnews.com	Female	152.52.0.57	False
697	Scot	Ingraham	singrahamjc@biblegateway.com	Male	237.86.163.75	False
698	Janey	Foort	jfoortjd@xinhuanet.com	Female	254.44.20.47	False
699	Fleur	Matthisson	fmatthissonje@e-recht24.de	Female	248.165.172.97	False
700	Jobyna	Hasson	jhassonjf@seattletimes.com	Female	173.151.101.33	False
701	Felipa	Powlesland	fpowleslandjg@chronoengine.com	Female	77.19.61.117	False
702	Erika	Casbolt	ecasboltjh@google.com.br	Female	218.122.186.255	False
703	Audra	Schermick	aschermickji@fc2.com	Female	193.84.28.145	False
704	Edeline	Trewhela	etrewhelajj@dell.com	Female	63.167.243.106	False
705	Wendel	Berk	wberkjk@newyorker.com	Male	134.209.227.68	False
706	Kellby	Magill	kmagilljl@cloudflare.com	Male	31.35.80.183	False
707	Astrid	Plumridege	aplumridegejm@jimdo.com	Female	70.181.62.25	False
708	Pete	Dashkovich	pdashkovichjn@salon.com	Male	34.34.53.148	False
709	Jodie	Jurca	jjurcajo@canalblog.com	Female	211.112.55.9	False
710	Mata	Tanslie	mtansliejp@msn.com	Male	250.207.157.31	False
711	Babita	MacClinton	bmacclintonjq@blogspot.com	Female	215.45.69.238	False
712	Bathsheba	Peddel	bpeddeljr@oracle.com	Female	214.8.142.15	False
713	Kevin	Hallgalley	khallgalleyjs@ibm.com	Male	132.79.222.175	False
714	Wylie	McVittie	wmcvittiejt@stanford.edu	Male	40.63.176.75	False
715	Luigi	Peasegod	lpeasegodju@bloomberg.com	Male	239.191.32.248	False
716	Isacco	Seatter	iseatterjv@hugedomains.com	Male	220.168.217.157	False
717	Christos	Hawgood	chawgoodjw@cbc.ca	Male	180.23.46.96	False
718	Carolee	Bolitho	cbolithojx@reference.com	Female	45.179.253.120	False
719	Merrel	Tweedle	mtweedlejy@technorati.com	Male	137.217.139.229	False
720	Slade	Hadingham	shadinghamjz@japanpost.jp	Male	144.193.31.62	False
721	Marilyn	Utterson	muttersonk0@hugedomains.com	Female	159.206.77.195	False
722	Amandy	Harman	aharmank1@yellowpages.com	Female	3.75.217.102	False
723	Silvain	Lahiff	slahiffk2@oakley.com	Male	214.139.41.98	False
724	Gabie	Manhood	gmanhoodk3@addthis.com	Male	120.165.206.102	False
725	Gussy	Boardman	gboardmank4@mapy.cz	Female	41.235.65.114	False
726	Adams	Incogna	aincognak5@bluehost.com	Male	129.251.177.142	False
727	Juline	Kelston	jkelstonk6@amazon.com	Female	7.31.51.157	False
728	Ferrell	Samworth	fsamworthk7@flavors.me	Male	193.115.80.245	False
729	Eric	Smewin	esmewink8@alibaba.com	Male	89.71.107.40	False
730	Dennis	Lethem	dlethemk9@stumbleupon.com	Male	178.127.52.209	False
731	Robin	Winchurch	rwinchurchka@house.gov	Female	224.148.253.18	False
732	Shelly	Whiteford	swhitefordkb@csmonitor.com	Female	197.22.45.255	False
733	Marian	Wheway	mwhewaykc@home.pl	Female	107.164.132.48	False
734	Toddy	Camili	tcamilikd@blogtalkradio.com	Male	114.2.228.0	False
735	Inesita	Whitewood	iwhitewoodke@furl.net	Female	78.43.196.190	False
736	Ezechiel	Skellen	eskellenkf@blog.com	Male	222.66.121.41	False
737	Saundra	Blackmore	sblackmorekg@amazon.de	Female	10.71.34.85	False
738	Orv	Kinson	okinsonkh@slideshare.net	Male	121.30.27.245	False
739	Herve	Faulds	hfauldski@dmoz.org	Male	165.68.34.159	False
740	Lezley	Gerdts	lgerdtskj@toplist.cz	Male	86.202.189.147	False
741	Davita	Benns	dbennskk@google.co.jp	Female	231.120.180.78	False
742	Silvan	Donneely	sdonneelykl@discuz.net	Male	74.248.252.43	False
743	Cort	Mairs	cmairskm@woothemes.com	Male	132.131.161.11	False
744	Myrlene	Marcone	mmarconekn@usa.gov	Female	255.60.170.66	False
745	Gardner	Baile	gbaileko@vinaora.com	Male	254.239.247.233	False
746	Portie	Whear	pwhearkp@state.tx.us	Male	99.63.110.78	False
747	Niles	Salla	nsallakq@hexun.com	Male	170.223.135.125	False
748	Ringo	Knowlys	rknowlyskr@slideshare.net	Male	108.243.203.185	False
749	Pierrette	Gerring	pgerringks@yellowbook.com	Female	153.215.186.108	False
750	Bernardine	Jeannot	bjeannotkt@newsvine.com	Female	124.186.171.209	False
751	Quint	Sahlstrom	qsahlstromku@epa.gov	Male	55.165.149.43	False
752	Betteanne	Arnaud	barnaudkv@artisteer.com	Female	13.88.35.111	False
753	Gray	Braund	gbraundkw@pbs.org	Female	12.187.66.175	False
754	Pattie	Donnison	pdonnisonkx@businessweek.com	Male	31.133.215.147	False
755	Sheffield	Haslen	shaslenky@ibm.com	Male	225.115.110.22	False
756	Abdel	Habbin	ahabbinkz@admin.ch	Male	118.232.216.189	False
757	Vasily	Dybell	vdybelll0@free.fr	Male	2.240.101.22	False
758	Corilla	Western	cwesternl1@senate.gov	Female	72.250.14.20	False
759	Cary	Gunn	cgunnl2@google.com	Female	23.149.167.65	False
760	Gwenora	Gile	ggilel3@exblog.jp	Female	121.204.193.46	False
761	Grata	Lempenny	glempennyl4@gmpg.org	Female	104.118.90.121	False
762	Berkly	Kaas	bkaasl5@gizmodo.com	Male	64.243.167.239	False
763	Frederico	Canon	fcanonl6@fema.gov	Male	240.255.148.127	False
764	Ignazio	Crocetto	icrocettol7@is.gd	Male	209.2.231.127	False
765	Audre	Quantrill	aquantrilll8@sina.com.cn	Female	85.204.115.168	False
766	Benjamin	Mathelon	bmathelonl9@loc.gov	Male	82.82.135.227	False
767	Isaiah	Geerdts	igeerdtsla@youku.com	Male	201.74.133.146	False
768	Sheba	Bumfrey	sbumfreylb@prnewswire.com	Female	65.82.42.5	False
769	Gwen	Driutti	gdriuttilc@fema.gov	Female	62.5.47.80	False
770	Clemence	Rosenshine	crosenshineld@chron.com	Female	36.248.60.38	False
771	Estel	Hinkens	ehinkensle@4shared.com	Female	181.174.9.149	False
772	Georgie	Ennew	gennewlf@umich.edu	Male	57.198.82.224	False
773	Anestassia	Bartaletti	abartalettilg@wunderground.com	Female	1.85.81.235	False
774	Clayton	Akhurst	cakhurstlh@reference.com	Male	134.247.148.32	False
775	Kathryn	Gooding	kgoodingli@indiegogo.com	Female	80.250.36.211	False
776	Dill	Vautrey	dvautreylj@flavors.me	Male	52.166.217.194	False
777	Derrek	Lindman	dlindmanlk@hexun.com	Male	203.37.100.112	False
778	Audre	O'Coskerry	aocoskerryll@kickstarter.com	Female	58.25.67.171	False
779	Winthrop	Oldham	woldhamlm@engadget.com	Male	32.132.228.216	False
780	Guglielma	Aspole	gaspoleln@ucoz.ru	Female	141.47.214.82	False
781	Forbes	Lanfranconi	flanfranconilo@arstechnica.com	Male	116.203.226.34	False
782	Giulio	Bowhey	gbowheylp@va.gov	Male	34.144.49.198	False
783	Gabrila	Willoway	gwillowaylq@howstuffworks.com	Female	68.146.86.17	False
784	Turner	Poel	tpoellr@chicagotribune.com	Male	227.97.139.192	False
785	Mahmoud	Ollive	mollivels@soundcloud.com	Male	236.120.183.11	False
786	Jeannette	Meiner	jmeinerlt@e-recht24.de	Female	255.79.71.18	False
787	Michel	Anglin	manglinlu@a8.net	Male	239.21.152.197	False
788	Salomone	Milan	smilanlv@miitbeian.gov.cn	Male	160.40.148.247	False
789	Brose	Consterdine	bconsterdinelw@cmu.edu	Male	245.132.89.122	False
790	Ado	Vergo	avergolx@hc360.com	Male	129.188.61.176	False
791	Vere	Davidoff	vdavidoffly@drupal.org	Female	18.4.169.29	False
792	Kathlin	Aiskrigg	kaiskrigglz@dyndns.org	Female	167.200.48.128	False
793	Samara	Plascott	splascottm0@cyberchimps.com	Female	129.63.61.226	False
794	Vivie	Luparto	vlupartom1@parallels.com	Female	188.132.218.10	False
795	Alisander	Dodd	adoddm2@google.pl	Male	78.92.51.180	False
796	Judy	Crates	jcratesm3@studiopress.com	Female	85.209.20.231	False
797	Janessa	Wymer	jwymerm4@gravatar.com	Female	102.160.213.81	False
798	Pearline	Cusack	pcusackm5@yandex.ru	Female	102.124.124.68	False
799	Clem	Hexam	chexamm6@instagram.com	Male	212.74.214.163	False
800	Emelyne	Ankers	eankersm7@mediafire.com	Female	109.111.107.113	False
801	Glynn	Friar	gfriarm8@ebay.co.uk	Male	51.167.62.238	False
802	Ernesta	Curran	ecurranm9@harvard.edu	Female	122.249.120.136	False
803	Josselyn	Fisby	jfisbyma@ovh.net	Female	4.238.121.67	False
804	Reiko	Kelson	rkelsonmb@sun.com	Female	181.35.175.143	False
805	Martita	Manger	mmangermc@uol.com.br	Female	9.63.232.33	False
806	Ezra	Grievson	egrievsonmd@163.com	Male	44.212.222.169	False
807	Urbano	Hebditch	uhebditchme@hibu.com	Male	219.149.41.22	False
808	Micky	Slatcher	mslatchermf@shareasale.com	Male	70.87.47.94	False
809	Jilly	Brezlaw	jbrezlawmg@gmpg.org	Female	113.60.237.162	False
810	Analiese	Preston	aprestonmh@issuu.com	Female	244.130.20.150	False
811	Ignacio	Cahani	icahanimi@angelfire.com	Male	207.56.107.38	False
812	Torey	Espinazo	tespinazomj@naver.com	Male	34.172.58.75	False
813	Kurtis	Bushby	kbushbymk@over-blog.com	Male	182.242.54.100	False
814	Guido	Kyttor	gkyttorml@adobe.com	Male	149.116.247.213	False
815	Karalynn	Ferrulli	kferrullimm@nbcnews.com	Female	5.198.212.238	False
816	Marcy	Cavalier	mcavaliermn@sphinn.com	Female	10.95.252.187	False
817	Herculie	Blagbrough	hblagbroughmo@unc.edu	Male	164.147.119.35	False
818	Berkeley	Cockrem	bcockremmp@paginegialle.it	Male	73.89.121.35	False
819	Eleen	Le Quesne	elequesnemq@irs.gov	Female	79.133.82.202	False
820	Norris	Pigford	npigfordmr@cmu.edu	Male	158.157.59.219	False
821	Reggie	Arguile	rarguilems@bloomberg.com	Female	183.204.240.34	False
822	Christalle	Haresnaip	charesnaipmt@abc.net.au	Female	77.22.41.120	False
823	Skippy	Spennock	sspennockmu@ca.gov	Male	171.153.69.66	False
824	Lois	Orr	lorrmv@dell.com	Female	70.216.220.32	False
825	Valida	Ximenez	vximenezmw@cocolog-nifty.com	Female	10.144.228.59	False
826	Anabal	Egdal	aegdalmx@jalbum.net	Female	226.201.22.14	False
827	Vanya	Kneesha	vkneeshamy@mediafire.com	Female	200.74.141.86	False
828	Lotta	Badgers	lbadgersmz@toplist.cz	Female	234.16.204.132	False
829	Becka	Eltune	beltunen0@rediff.com	Female	207.116.37.160	False
830	Othelia	Stallard	ostallardn1@bandcamp.com	Female	196.161.164.136	False
831	Gabriella	Jeanin	gjeaninn2@about.me	Female	174.24.148.122	False
832	Priscilla	Lindblom	plindblomn3@fda.gov	Female	58.192.201.203	False
833	Brade	Thurner	bthurnern4@oakley.com	Male	196.7.255.66	False
834	Fianna	Guinn	fguinnn5@canalblog.com	Female	211.214.140.150	False
835	Regina	Going	rgoingn6@google.it	Female	166.65.177.101	False
836	Alexine	Smorthit	asmorthitn7@nyu.edu	Female	106.69.145.221	False
837	Wye	Tett	wtettn8@ocn.ne.jp	Male	20.11.98.122	False
838	Emyle	Norgan	enorgann9@merriam-webster.com	Female	163.139.184.16	False
839	Ivette	Tookill	itookillna@thetimes.co.uk	Female	156.180.169.148	False
840	Corie	Gold	cgoldnb@arizona.edu	Female	19.212.199.122	False
841	Lianne	Northcott	lnorthcottnc@netlog.com	Female	3.24.106.14	False
842	Wilmer	Lilburn	wlilburnnd@wisc.edu	Male	238.121.97.153	False
843	Muire	Jahn	mjahnne@delicious.com	Female	138.146.13.7	False
844	Ced	Nyssens	cnyssensnf@wordpress.com	Male	22.97.202.79	False
845	Donny	Hartil	dhartilng@g.co	Female	31.33.181.132	False
846	Kaitlynn	Swaisland	kswaislandnh@umn.edu	Female	66.41.28.136	False
847	Winston	Croneen	wcroneenni@howstuffworks.com	Male	46.9.21.76	False
848	Colene	Renshell	crenshellnj@seesaa.net	Female	212.12.33.66	False
849	Yorker	Allingham	yallinghamnk@usda.gov	Male	45.181.161.107	False
850	Howard	Shutte	hshuttenl@army.mil	Male	96.31.8.193	False
851	Roosevelt	Condell	rcondellnm@princeton.edu	Male	233.59.14.152	False
852	Paula	Gon	pgonnn@amazon.de	Female	20.60.191.100	False
853	Dorelia	Edinborough	dedinboroughno@archive.org	Female	78.113.72.133	False
854	Matthus	Kasman	mkasmannp@yellowpages.com	Male	17.58.16.160	False
855	Justino	Blackledge	jblackledgenq@zimbio.com	Male	131.170.78.110	False
856	Zelig	Vooght	zvooghtnr@scribd.com	Male	52.122.249.135	False
857	Rockwell	Wellings	rwellingsns@shinystat.com	Male	55.85.202.85	False
858	Debor	Denness	ddennessnt@elpais.com	Female	232.31.210.184	False
859	Carita	Bonsey	cbonseynu@nhs.uk	Female	60.209.156.60	False
860	Ronnie	Smallthwaite	rsmallthwaitenv@histats.com	Female	92.142.135.80	False
861	Babb	Cartwright	bcartwrightnw@utexas.edu	Female	26.108.95.162	False
862	Leia	Rebichon	lrebichonnx@house.gov	Female	19.164.221.150	False
863	Kathleen	Klimus	kklimusny@bbc.co.uk	Female	183.37.118.16	False
864	Radcliffe	Wiffield	rwiffieldnz@odnoklassniki.ru	Male	74.54.167.145	False
865	Skipper	Shevelin	sshevelino0@goodreads.com	Male	210.232.146.241	False
866	Tabbie	Kornilyev	tkornilyevo1@vinaora.com	Male	137.201.249.112	False
867	Borg	Kornes	bkorneso2@berkeley.edu	Male	27.168.114.193	False
868	Magdaia	Hryskiewicz	mhryskiewiczo3@biblegateway.com	Female	36.66.3.155	False
869	Lissy	Lavin	llavino4@ox.ac.uk	Female	161.191.21.160	False
870	Filippa	Fortune	ffortuneo5@columbia.edu	Female	87.44.163.186	False
871	Karilynn	Heistermann	kheistermanno6@mtv.com	Female	184.151.8.183	False
872	Yolanda	Cominoli	ycominolio7@go.com	Female	213.184.34.222	False
873	Lonnard	Lofting	lloftingo8@wp.com	Male	155.238.1.40	False
874	Bellina	Timperley	btimperleyo9@cdbaby.com	Female	13.75.105.3	False
875	Marion	McElory	mmceloryoa@statcounter.com	Male	67.164.157.53	False
876	Giacinta	Wagg	gwaggob@privacy.gov.au	Female	53.72.92.82	False
877	Loleta	Loncaster	lloncasteroc@ftc.gov	Female	101.159.96.46	False
878	Garrard	Stuttman	gstuttmanod@businessinsider.com	Male	75.89.31.227	False
879	Nollie	Grishinov	ngrishinovoe@csmonitor.com	Male	61.96.176.37	False
880	Dasha	Ofen	dofenof@ca.gov	Female	37.166.17.23	False
881	Meggy	Finnes	mfinnesog@example.com	Female	0.247.65.38	False
882	Broderick	Aleveque	balevequeoh@wp.com	Male	39.59.0.53	False
883	Una	Lewisham	ulewishamoi@trellian.com	Female	235.198.201.44	False
884	Asher	Holywell	aholywelloj@sciencedirect.com	Male	31.114.174.135	False
885	Sigmund	Sketchley	ssketchleyok@paginegialle.it	Male	137.82.152.19	False
886	Ann	Gutowska	agutowskaol@hugedomains.com	Female	23.83.122.11	False
887	Jaymie	Bolderson	jboldersonom@w3.org	Male	239.42.179.123	False
888	Theodor	Goves	tgoveson@multiply.com	Male	151.8.81.122	False
889	Luciano	Feltham	lfelthamoo@weibo.com	Male	92.134.216.129	False
890	Katya	Putton	kputtonop@uol.com.br	Female	197.42.233.168	False
891	Saleem	Yanov	syanovoq@51.la	Male	131.240.12.36	False
892	Ted	MacKenny	tmackennyor@baidu.com	Female	122.19.160.228	False
893	Shay	Emsley	semsleyos@ifeng.com	Female	143.178.209.184	False
894	Dee	Mourant	dmourantot@theglobeandmail.com	Female	35.215.41.81	False
895	Elyse	Wybern	ewybernou@cdc.gov	Female	233.118.206.193	False
896	Hirsch	Fumagall	hfumagallov@elpais.com	Male	161.89.199.73	False
897	Sam	McQuie	smcquieow@examiner.com	Male	46.11.160.233	False
898	Corinna	Trimming	ctrimmingox@e-recht24.de	Female	82.171.176.57	False
899	Howard	Noel	hnoeloy@prnewswire.com	Male	61.164.34.138	False
900	Casar	Hobell	chobelloz@posterous.com	Male	44.213.84.203	False
901	Terri	Axtonne	taxtonnep0@goodreads.com	Female	55.251.217.230	False
902	Bron	Edds	beddsp1@yale.edu	Male	138.90.212.58	False
903	Eleanore	O'Cleary	eoclearyp2@youtu.be	Female	220.12.32.11	False
904	Albrecht	Teare	atearep3@theguardian.com	Male	76.140.241.158	False
905	Mohandas	Lathbury	mlathburyp4@people.com.cn	Male	106.47.65.230	False
906	Lane	Matz	lmatzp5@joomla.org	Male	105.211.137.0	False
907	Kimberley	Folds	kfoldsp6@wikipedia.org	Female	33.150.122.68	False
908	Teodoro	Norwood	tnorwoodp7@wisc.edu	Male	58.157.107.80	False
909	Sayre	Haresnaip	sharesnaipp8@domainmarket.com	Female	186.124.208.211	False
910	Amble	Everil	aeverilp9@webs.com	Male	6.34.69.161	False
911	Elisha	Coling	ecolingpa@redcross.org	Female	20.163.154.50	False
912	Dennie	McEvilly	dmcevillypb@last.fm	Male	8.98.254.176	False
913	Pincus	Harme	pharmepc@macromedia.com	Male	213.244.163.120	False
914	Neal	Van Velden	nvanveldenpd@wordpress.com	Male	57.172.59.215	False
915	Chancey	Dewan	cdewanpe@howstuffworks.com	Male	15.253.196.251	False
916	Tymothy	Yegoshin	tyegoshinpf@themeforest.net	Male	182.194.106.239	False
917	Claudianus	Churchouse	cchurchousepg@bbc.co.uk	Male	217.165.253.121	False
918	Martainn	Dmitriev	mdmitrievph@yandex.ru	Male	122.41.194.112	False
919	Coleen	Lasty	clastypi@hud.gov	Female	148.222.142.62	False
920	Dehlia	Roj	drojpj@tmall.com	Female	56.100.252.177	False
921	Cleve	Tryhorn	ctryhornpk@arizona.edu	Male	37.102.224.67	False
922	Isidoro	Gilks	igilkspl@usnews.com	Male	166.199.90.12	False
923	Venita	Crumbleholme	vcrumbleholmepm@nydailynews.com	Female	204.46.25.29	False
924	Shanan	Clemmett	sclemmettpn@huffingtonpost.com	Male	45.15.128.146	False
925	Rose	Ferrari	rferraripo@economist.com	Female	227.41.215.184	False
926	Murielle	Haldenby	mhaldenbypp@liveinternet.ru	Female	42.103.104.245	False
927	Amery	Simanenko	asimanenkopq@meetup.com	Male	191.30.165.67	False
928	Lindsey	Bemrose	lbemrosepr@techcrunch.com	Male	163.52.198.157	False
929	Celestyn	Grabham	cgrabhamps@berkeley.edu	Female	254.249.77.223	False
930	Robinet	Diplock	rdiplockpt@europa.eu	Female	251.68.167.97	False
931	Harv	Roux	hrouxpu@soup.io	Male	230.91.47.3	False
932	Taryn	Letteresse	tletteressepv@spotify.com	Female	209.153.87.53	False
933	Elinore	Kristiansen	ekristiansenpw@t-online.de	Female	238.69.118.225	False
934	Rab	Hightown	rhightownpx@squarespace.com	Male	235.71.1.192	False
935	Sauncho	Darko	sdarkopy@nasa.gov	Male	152.24.130.197	False
936	Alisun	Foster	afosterpz@studiopress.com	Female	240.6.6.41	False
937	Dwain	Bly	dblyq0@admin.ch	Male	121.60.19.196	False
938	Waldemar	Foulgham	wfoulghamq1@discovery.com	Male	128.125.227.197	False
939	Rorke	Bavister	rbavisterq2@google.co.jp	Male	8.2.85.132	False
940	Aubert	Cowsby	acowsbyq3@networksolutions.com	Male	18.244.224.157	False
941	Elsie	Halfacree	ehalfacreeq4@github.io	Female	91.119.47.92	False
942	Lesli	Heggie	lheggieq5@digg.com	Female	247.185.163.231	False
943	Benni	Addicote	baddicoteq6@nymag.com	Female	176.199.17.98	False
944	Cristian	Andrusyak	candrusyakq7@apache.org	Male	196.12.215.189	False
945	Cristie	Whitehorn	cwhitehornq8@bloglines.com	Female	48.173.152.60	False
946	Gaylene	Althrope	galthropeq9@4shared.com	Female	142.99.96.94	False
947	Alden	Upsale	aupsaleqa@a8.net	Male	90.134.233.210	False
948	Hewet	Dixsee	hdixseeqb@acquirethisname.com	Male	117.175.25.205	False
949	Bernard	Thorneloe	bthorneloeqc@google.ru	Male	104.134.117.243	False
950	Padriac	Tullett	ptullettqd@uiuc.edu	Male	40.140.157.197	False
951	Shellysheldon	Shingfield	sshingfieldqe@slate.com	Male	4.217.1.4	False
952	Hedy	Gunningham	hgunninghamqf@yahoo.com	Female	34.197.60.245	False
953	Stinky	Lownsbrough	slownsbroughqg@skyrock.com	Male	6.66.53.51	False
954	Mindy	Braime	mbraimeqh@livejournal.com	Female	17.84.8.199	False
955	Benny	Skiplorne	bskiplorneqi@histats.com	Male	212.233.65.29	False
956	Rozalin	Eales	realesqj@tuttocitta.it	Female	206.211.252.66	False
957	Adams	Ainslie	aainslieqk@simplemachines.org	Male	210.169.205.42	False
958	Bryna	Sreenan	bsreenanql@umn.edu	Female	134.139.174.72	False
959	Greer	Nower	gnowerqm@myspace.com	Female	145.43.143.183	False
960	Zachery	Prichard	zprichardqn@globo.com	Male	184.187.50.195	False
961	Goldina	Lampert	glampertqo@51.la	Female	167.54.227.140	False
962	Shep	Wake	swakeqp@nbcnews.com	Male	87.171.64.79	False
963	Trude	Skingley	tskingleyqq@slashdot.org	Female	108.194.240.24	False
964	Tabbitha	Artinstall	tartinstallqr@last.fm	Female	112.253.38.131	False
965	Kelly	Wright	kwrightqs@twitpic.com	Male	143.152.93.73	False
966	Wilma	Lillegard	wlillegardqt@tripadvisor.com	Female	236.110.69.240	False
967	Kania	Kardos-Stowe	kkardosstowequ@indiegogo.com	Female	119.243.36.24	False
968	Laney	Althorpe	lalthorpeqv@who.int	Male	88.175.60.74	False
969	Maxy	Ference	mferenceqw@ask.com	Male	170.101.151.136	False
970	Collie	Danilyuk	cdanilyukqx@ibm.com	Female	136.148.235.65	False
971	Faber	Merrilees	fmerrileesqy@bloglovin.com	Male	121.151.1.104	False
972	Astrid	Luciani	alucianiqz@ihg.com	Female	239.226.181.154	False
973	Roxy	McCrow	rmccrowr0@huffingtonpost.com	Female	168.216.169.178	False
974	Cosmo	Mealing	cmealingr1@usnews.com	Male	10.155.21.48	False
975	Dorine	Piscotti	dpiscottir2@opensource.org	Female	87.31.120.211	False
976	Haley	Devereux	hdevereuxr3@imgur.com	Female	0.193.192.67	False
977	Duky	Ors	dorsr4@squidoo.com	Male	155.239.28.43	False
978	Nicola	Wogdon	nwogdonr5@lycos.com	Male	215.246.87.115	False
979	Myriam	Trousdell	mtrousdellr6@unblog.fr	Female	161.156.158.75	False
980	Bettina	Skim	bskimr7@altervista.org	Female	250.170.102.159	False
981	Nester	Frape	nfraper8@usa.gov	Male	246.23.130.152	False
982	Iormina	Domingues	idominguesr9@php.net	Female	90.251.236.11	False
983	Bessy	Reames	breamesra@jigsy.com	Female	110.1.15.152	False
984	Alix	Baldung	abaldungrb@who.int	Male	54.96.148.244	False
985	Keelia	Hazart	khazartrc@wix.com	Female	153.178.44.62	False
986	Kele	Cutchee	kcutcheerd@instagram.com	Male	149.114.47.191	False
987	Harrison	Errigo	herrigore@globo.com	Male	159.69.76.6	False
988	Karolina	Cratchley	kcratchleyrf@msn.com	Female	17.113.147.27	False
989	Willow	Whitwell	wwhitwellrg@163.com	Female	182.101.149.76	False
990	Ceil	Hankinson	chankinsonrh@sun.com	Female	32.201.78.230	False
991	Jenda	Digg	jdiggri@oaic.gov.au	Female	63.18.79.203	False
992	Florencia	D'Aulby	fdaulbyrj@jimdo.com	Female	63.78.185.238	False
993	Ofelia	Cowin	ocowinrk@ifeng.com	Female	189.171.254.219	False
994	Clari	Garlette	cgarletterl@skyrock.com	Female	210.68.182.29	False
995	Gaylor	Grevel	ggrevelrm@dell.com	Male	232.221.146.155	False
996	Ephrem	MacIlwrick	emacilwrickrn@statcounter.com	Male	240.184.61.222	False
997	Brooke	Carleman	bcarlemanro@mapy.cz	Female	123.113.111.57	False
998	Betteanne	Boutflour	bboutflourrp@auda.org.au	Female	78.138.223.253	False
999	Mari	Sterzaker	msterzakerrq@un.org	Female	147.44.154.9	False
1000	Tierney	Fassan	tfassanrr@tuttocitta.it	Female	38.71.169.216	False
